,Stage,Id,Conversion Number,Conversion Rate,Funnel
0,Stage 0,5244,10678,1.0,1.0
1,Stage 1,3917,5434,0.5089,0.5088967971530249
2,Stage 2,353,1517,0.27917,0.14206780295935567
3,Stage 3,359,1164,0.7673,0.10900917774864206
4,Stage 4,716,805,0.69158,0.07538864955984266
5,Stage 5,89,89,0.11056,0.008334894174939126
